<?xml version="1.0" encoding="UTF-8"?>
<project-private xmlns="http://www.netbeans.org/ns/project-private/1">
    <editor-bookmarks xmlns="http://www.netbeans.org/ns/editor-bookmarks/2" lastBookmarkId="0"/>
    <open-files xmlns="http://www.netbeans.org/ns/projectui-open-files/2">
        <group>
            <file>file:/C:/xampp/htdocs/Projekt/felvitel_1.php</file>
            <file>file:/C:/xampp/htdocs/Projekt/javitasBeir.php</file>
            <file>file:/C:/xampp/htdocs/Projekt/FutasiAdatokatLeker.php</file>
            <file>file:/C:/xampp/htdocs/Projekt/javitastLekerdez.php</file>
            <file>file:/C:/xampp/htdocs/Projekt/urlapokatTolt.php</file>
            <file>file:/C:/xampp/htdocs/Projekt/AutoTipustLeker.php</file>
            <file>file:/C:/xampp/htdocs/Projekt/személyeketKiir.php</file>
            <file>file:/C:/xampp/htdocs/Projekt/index.php</file>
            <file>file:/C:/xampp/htdocs/Projekt/Futasfelvisz.php</file>
            <file>file:/C:/xampp/htdocs/Projekt/javitasFelvitel.php</file>
            <file>file:/C:/xampp/htdocs/Projekt/futastBeir.php</file>
        </group>
    </open-files>
</project-private>
